Workbook

Sheet South amer
A1: South American Divison
A3: Item | B3: QTR 1 | C3: QTR 2 | D3: QTR 3 | E3: QTR 4
A4: Hardware | B4: 100 | C4: 500 | D4: 700 | E4: 400
A5: Software | B5: 200 | C5: 600 | D5: 200 | E5: 300
A6: Furniture | B6: 200 | C6: 500 | D6: 500 | E6: 300
A7: Accessories | B7: 300 | C7: 300 | D7: 200 | E7: 100
A9: Totals: | B9: =SUM(B4:B8) -> 800 | C9: =SUM(C4:C8) -> 1900 | D9: =SUM(D4:D8) -> 1600 | E9: =SUM(E4:E8) -> 1100

Sheet Sheet1

Sheet european
A1: European Division
A3: Item | B3: QTR 1 | C3: QTR 2 | D3: QTR 3 | E3: QTR 4
A4: Hardware | B4: 400 | C4: 800 | D4: 900 | E4: 300
A5: Software | B5: 200 | C5: 500 | D5: 1200 | E5: 100
A6: Furniture | B6: 300 | C6: 400 | D6: 1400 | E6: 300
A7: Accessories | B7: 100 | C7: 300 | D7: 500 | E7: 300
A9: Totals: | B9: =SUM(B4:B8) -> 1000 | C9: =SUM(C4:C8) -> 2000 | D9: =SUM(D4:D8) -> 4000 | E9: =SUM(E4:E8) -> 1000

Sheet North ame
A1: North American Division
A3: Item | B3: QTR 1 | C3: QTR 2 | D3: QTR 3 | E3: QTR 4
A4: Hardware | B4: 200 | C4: 600 | D4: 700 | E4: 400
A5: Software | B5: 300 | C5: 200 | D5: 500 | E5: 600
A6: Furniture | B6: 200 | C6: 400 | D6: 500 | E6: 100
A7: Accessories | B7: 300 | C7: 300 | D7: 100 | E7: 200
A9: Totals: | B9: =SUM(B4:B8) -> 1000 | C9: =SUM(C4:C8) -> 1500 | D9: =SUM(D4:D8) -> 1800 | E9: =SUM(E4:E8) -> 1300

Sheet Australia
A1: Australian Divison
A3: Item | B3: QTR 1 | C3: QTR 2 | D3: QTR 3 | E3: QTR 4
A4: Hardware | B4: 200 | C4: 800 | D4: 900 | E4: 500
A5: Software | B5: 400 | C5: 100 | D5: 800 | E5: 100
A6: Furniture | B6: 200 | C6: 500 | D6: 500 | E6: 200
A7: Accessories | B7: 200 | C7: 300 | D7: 500 | E7: 300
A9: Totals: | B9: =SUM(B4:B8) -> 1000 | C9: =SUM(C4:C8) -> 1700 | D9: =SUM(D4:D8) -> 2700 | E9: =SUM(E4:E8) -> 1100

Sheet summary
A1: Summary
A3: Item | B3: QTR 1 | C3: QTR 2 | D3: QTR 3 | E3: QTR 4
A4: Hardware | B4: =SUM('North ame:Australia'!B4) -> 400 | C4: =SUM('North ame:Australia'!C4) -> 1400 | D4: =SUM('North ame:Australia'!D4) -> 1600 | E4: =SUM('North ame:Australia'!E4) -> 900
A5: Software | B5: =SUM('North ame:Australia'!B5) -> 700 | C5: =SUM('North ame:Australia'!C5) -> 300 | D5: =SUM('North ame:Australia'!D5) -> 1300 | E5: =SUM('North ame:Australia'!E5) -> 700
A6: Furniture | B6: =SUM('North ame:Australia'!B6) -> 400 | C6: =SUM('North ame:Australia'!C6) -> 900 | D6: =SUM('North ame:Australia'!D6) -> 1000 | E6: =SUM('North ame:Australia'!E6) -> 300
A7: Accessories | B7: =SUM('North ame:Australia'!B7) -> 500 | C7: =SUM('North ame:Australia'!C7) -> 600 | D7: =SUM('North ame:Australia'!D7) -> 600 | E7: =SUM('North ame:Australia'!E7) -> 500
A9: Totals: | B9: =SUM(B4:B8) -> 2000 | C9: =SUM(C4:C8) -> 3200 | D9: =SUM(D4:D8) -> 4500 | E9: =SUM(E4:E8) -> 2400
